id,first_name,last_name,email,gender,rating,pilots_id
1,Pasquale,Tolchar,ptolchar0@webnode.com,Male,5.3,26
2,Nowell,Schubart,nschubart1@usnews.com,Genderfluid,8.8,25
3,Abramo,Bucher,abucher2@ted.com,Male,9.7,90
4,Casi,Gashion,cgashion3@techcrunch.com,Female,9.6,63
5,Minetta,Ruegg,mruegg4@army.mil,Female,9.6,36
6,Bealle,Baccus,bbaccus5@comcast.net,Male,6.4,13
7,Desiri,Piggott,dpiggott6@europa.eu,Female,5.9,61
8,Rodolph,Lidgerton,rlidgerton7@hostgator.com,Male,2.2,54
9,Maryanne,Hewins,mhewins8@hud.gov,Female,4.8,29
10,Wells,Urridge,wurridge9@cnet.com,Male,4.9,89
11,August,Wythill,awythilla@arstechnica.com,Male,4.9,8
12,Dido,Clewer,dclewerb@ted.com,Non-binary,2.2,81
13,Conrad,Pennazzi,cpennazzic@upenn.edu,Male,4.5,3
14,Cam,Biggerstaff,cbiggerstaffd@gnu.org,Female,4.7,67
15,Babbie,Coalbran,bcoalbrane@tripadvisor.com,Female,7.4,54
16,Gregory,Copestake,gcopestakef@usatoday.com,Male,4.8,17
17,Antoni,Pedel,apedelg@mit.edu,Male,3.5,41
18,Cornelle,Dumsday,cdumsdayh@hp.com,Female,1.2,3
19,Annabelle,Scourfield,ascourfieldi@w3.org,Female,5.7,65
20,Gabriele,Thireau,gthireauj@typepad.com,Male,1.4,71
21,Orella,Goomes,ogoomesk@harvard.edu,Female,6.2,84
22,Estelle,Hatcher,ehatcherl@microsoft.com,Female,2.5,33
23,Joyan,Huntall,jhuntallm@bbc.co.uk,Female,9.7,81
24,Clifford,Ellen,cellenn@webeden.co.uk,Agender,4.0,37
25,Becky,Hargreaves,bhargreaveso@privacy.gov.au,Polygender,7.0,89
26,Inigo,Fassam,ifassamp@flickr.com,Male,9.1,83
27,Thorvald,Ribeiro,tribeiroq@unicef.org,Male,3.9,53
28,Huey,Thomassen,hthomassenr@tinyurl.com,Male,4.4,5
29,Hall,Shepcutt,hshepcutts@uiuc.edu,Male,3.9,10
30,Brenn,Triggel,btriggelt@tiny.cc,Bigender,9.9,21
31,Fraser,Munks,fmunksu@example.com,Male,8.8,66
32,Sax,Gopsell,sgopsellv@cnn.com,Male,9.8,5
33,Roshelle,Isabell,risabellw@arizona.edu,Female,5.1,24
34,Delilah,Roycroft,droycroftx@ycombinator.com,Agender,5.2,53
35,Prissie,Sowrah,psowrahy@ezinearticles.com,Female,9.0,21
36,Vilhelmina,Jaszczak,vjaszczakz@meetup.com,Female,2.0,11
37,Tara,Lindell,tlindell10@sciencedirect.com,Female,9.5,9
38,Danya,Mariet,dmariet11@imageshack.us,Male,1.9,1
39,Alexine,Irdale,airdale12@digg.com,Female,3.7,13
40,Delano,Wallwork,dwallwork13@cocolog-nifty.com,Male,5.1,91
41,Shandee,Tock,stock14@ezinearticles.com,Female,5.0,48
42,Alvinia,Handyside,ahandyside15@vk.com,Female,6.7,88
43,Brinna,Kinnerk,bkinnerk16@admin.ch,Female,5.7,6
44,Wren,McHenry,wmchenry17@businesswire.com,Female,2.1,97
45,Kati,Baxstair,kbaxstair18@jugem.jp,Female,9.8,83
46,Bobette,Whyborne,bwhyborne19@cornell.edu,Female,6.5,78
47,Abran,Hayer,ahayer1a@devhub.com,Male,8.9,91
48,Reinaldo,Abbyss,rabbyss1b@devhub.com,Male,7.9,63
49,Adlai,Wichard,awichard1c@ftc.gov,Male,5.3,31
50,Reuben,Miner,rminer1d@loc.gov,Male,9.2,61
51,Lizbeth,Pavolillo,lpavolillo1e@google.co.jp,Female,9.6,30
52,Wilton,Smy,wsmy1f@vinaora.com,Male,5.2,58
53,Marlon,Loos,mloos1g@addtoany.com,Male,1.6,95
54,Cleve,Sawle,csawle1h@gravatar.com,Male,4.9,33
55,Cordelia,Burdytt,cburdytt1i@netlog.com,Female,3.4,85
56,Davis,Mirralls,dmirralls1j@pbs.org,Male,2.5,4
57,Fern,Hennington,fhennington1k@hhs.gov,Female,6.9,65
58,Rodolphe,Saurat,rsaurat1l@ovh.net,Male,9.9,32
59,Consalve,Clery,cclery1m@nymag.com,Male,5.4,92
60,Lilyan,Keeney,lkeeney1n@google.co.jp,Female,7.0,6
61,Eleanora,Ambrogio,eambrogio1o@naver.com,Female,6.9,80
62,Lise,Yeliashev,lyeliashev1p@sourceforge.net,Female,6.8,24
63,Kennett,Bernardoni,kbernardoni1q@wikimedia.org,Male,3.1,31
64,Willey,Pickett,wpickett1r@slate.com,Male,3.6,35
65,Anett,Wonter,awonter1s@techcrunch.com,Female,4.2,17
66,Demetris,Beazleigh,dbeazleigh1t@hatena.ne.jp,Male,6.4,67
67,Bernadine,Marner,bmarner1u@blogtalkradio.com,Female,4.4,71
68,Nate,Amott,namott1v@shop-pro.jp,Male,1.4,11
69,Job,Bonnell,jbonnell1w@uol.com.br,Male,1.2,36
70,Gibbie,Normanvill,gnormanvill1x@economist.com,Male,7.1,56
71,Erasmus,Foucar,efoucar1y@i2i.jp,Male,9.2,7
72,Stephanus,Humbles,shumbles1z@instagram.com,Male,9.5,59
73,Ricki,Roistone,rroistone20@mit.edu,Male,3.5,93
74,Petunia,Severn,psevern21@hostgator.com,Female,8.3,62
75,Dominique,Brighty,dbrighty22@archive.org,Male,4.4,24
76,Clayton,Considine,cconsidine23@dell.com,Male,3.0,68
77,Giffy,Pollicatt,gpollicatt24@yahoo.co.jp,Agender,8.4,76
78,Lion,Zelake,lzelake25@gizmodo.com,Male,10.0,26
79,Briana,Ryrie,bryrie26@privacy.gov.au,Female,1.3,68
80,Allis,MacFadin,amacfadin27@un.org,Female,7.7,20
81,Hatti,Piborn,hpiborn28@scientificamerican.com,Female,8.7,24
82,Pepillo,Riba,priba29@wikipedia.org,Male,1.3,96
83,Margaretta,Bulloch,mbulloch2a@goodreads.com,Female,7.4,83
84,Emanuele,Sheards,esheards2b@dagondesign.com,Male,8.8,21
85,Averill,Charker,acharker2c@tinyurl.com,Male,7.2,58
86,Nanete,Frammingham,nframmingham2d@washington.edu,Female,1.2,93
87,Maude,Gentile,mgentile2e@indiegogo.com,Female,8.9,23
88,De witt,Artrick,dartrick2f@newyorker.com,Male,6.8,66
89,Reuben,Cauthra,rcauthra2g@wired.com,Male,4.6,51
90,Griffie,Salzen,gsalzen2h@toplist.cz,Male,8.8,35
91,Corrina,Lorrie,clorrie2i@squidoo.com,Female,1.2,60
92,Abdel,MacCallion,amaccallion2j@drupal.org,Male,5.5,62
93,Tandy,Meldrum,tmeldrum2k@booking.com,Female,10.0,82
94,Vasily,Lathwood,vlathwood2l@digg.com,Male,8.7,42
95,Rancell,de Villier,rdevillier2m@histats.com,Male,8.5,76
96,Mariette,Waliszewski,mwaliszewski2n@spiegel.de,Female,7.8,76
97,Puff,Ianilli,pianilli2o@buzzfeed.com,Male,4.2,23
98,Huntley,Mowling,hmowling2p@hatena.ne.jp,Agender,5.0,26
99,Oswald,Glaves,oglaves2q@addtoany.com,Male,2.1,60
100,Gelya,Olyff,golyff2r@cisco.com,Female,8.7,8
