id,first_name,last_name,email,gender,rating,pilots_id
1,Brnaba,Brands,bbrands0@joomla.org,Male,7.5,3
2,Adah,Lowell,alowell1@irs.gov,Female,5.9,69
3,Eba,Klimecki,eklimecki2@networksolutions.com,Genderqueer,7.4,6
4,Fairlie,Thurman,fthurman3@histats.com,Male,5.1,71
5,Sibeal,Spinks,sspinks4@tmall.com,Bigender,3.6,73
6,Quinlan,Jan,qjan5@webeden.co.uk,Male,8.6,27
7,Fannie,Fossey,ffossey6@sohu.com,Female,5.3,93
8,Tessa,Sawford,tsawford7@pinterest.com,Female,1.9,92
9,Susy,Lye,slye8@desdev.cn,Female,5.7,50
10,Inglis,Pike,ipike9@etsy.com,Male,1.2,78
11,Berky,Leatherbarrow,bleatherbarrowa@xinhuanet.com,Male,2.7,93
12,Luca,Michelotti,lmichelottib@biglobe.ne.jp,Male,3.9,93
13,Renata,Doyle,rdoylec@time.com,Genderfluid,6.0,46
14,Saleem,Thirlwall,sthirlwalld@wikispaces.com,Male,5.2,82
15,Patrizia,Rexworthy,prexworthye@blogger.com,Female,9.2,34
16,Shana,Libermore,slibermoref@webs.com,Female,1.8,19
17,Brenn,Endicott,bendicottg@google.ru,Female,2.1,69
18,Pat,Deverock,pdeverockh@ihg.com,Female,6.9,30
19,Boonie,Reach,breachi@wp.com,Male,5.8,19
20,Bobby,Bealton,bbealtonj@senate.gov,Female,6.9,59
21,Chucho,Bellchamber,cbellchamberk@topsy.com,Polygender,3.7,17
22,Hilary,Haverson,hhaversonl@google.pl,Female,3.0,73
23,Kaleena,O'Kane,kokanem@friendfeed.com,Female,1.5,56
24,Enos,Greatham,egreathamn@sakura.ne.jp,Bigender,8.9,15
25,Leonerd,Ajam,lajamo@cpanel.net,Male,2.6,52
26,Flem,Mara,fmarap@cbc.ca,Bigender,8.8,4
27,Daniel,Touret,dtouretq@weather.com,Male,2.7,52
28,Nevile,Belfrage,nbelfrager@businesswire.com,Male,3.7,61
29,Sandor,Gleeton,sgleetons@fda.gov,Male,6.1,98
30,Janeczka,Durden,jdurdent@a8.net,Female,8.5,53
31,Danya,McGilbon,dmcgilbonu@reddit.com,Female,3.5,23
32,Dougy,Doughill,ddoughillv@psu.edu,Male,7.7,17
33,Toby,Brumble,tbrumblew@boston.com,Non-binary,6.4,7
34,Bent,Tooke,btookex@sohu.com,Genderfluid,5.7,9
35,Conway,Lindsell,clindselly@unc.edu,Male,2.8,41
36,Jaquelyn,Klaassens,jklaassensz@mashable.com,Female,9.3,5
37,Feliks,Watton,fwatton10@cloudflare.com,Polygender,9.3,80
38,Marketa,Syfax,msyfax11@mapquest.com,Female,9.7,23
39,Guendolen,Hamp,ghamp12@twitter.com,Female,7.7,43
40,Pietrek,Fauning,pfauning13@netlog.com,Male,6.3,95
41,Lind,Firpo,lfirpo14@amazon.co.jp,Male,8.4,77
42,Bancroft,Noir,bnoir15@cyberchimps.com,Male,1.6,65
43,Keir,Chesswas,kchesswas16@ustream.tv,Male,7.4,20
44,Montgomery,Kermon,mkermon17@virginia.edu,Male,8.7,38
45,Cliff,Dunseith,cdunseith18@unblog.fr,Male,8.2,42
46,Wolfy,Bingall,wbingall19@hao123.com,Male,5.0,100
47,Katina,Camocke,kcamocke1a@behance.net,Agender,7.2,21
48,Tedd,Campkin,tcampkin1b@amazon.co.jp,Male,3.9,38
49,Norbie,Rapin,nrapin1c@wufoo.com,Male,3.2,81
50,Donia,Lelliott,dlelliott1d@soundcloud.com,Female,1.3,22
51,Lauri,McBlain,lmcblain1e@bandcamp.com,Female,8.7,33
52,Costanza,Patek,cpatek1f@vimeo.com,Female,6.6,7
53,Tiena,Bricket,tbricket1g@squarespace.com,Female,4.5,42
54,Hiram,Sherborn,hsherborn1h@storify.com,Male,4.1,70
55,Miller,Bownass,mbownass1i@uiuc.edu,Male,2.0,19
56,Rolando,Wroth,rwroth1j@irs.gov,Male,1.8,61
57,Kalvin,Belamy,kbelamy1k@comcast.net,Male,5.0,91
58,Manon,Towl,mtowl1l@flickr.com,Female,5.8,11
59,Berky,Trahmel,btrahmel1m@techcrunch.com,Male,1.5,13
60,Skipp,Janota,sjanota1n@pagesperso-orange.fr,Male,9.0,3
61,Faustine,Deniset,fdeniset1o@pagesperso-orange.fr,Female,9.0,98
62,Tracey,Lumbers,tlumbers1p@hubpages.com,Female,7.1,18
63,Gustavo,Gutch,ggutch1q@usnews.com,Male,5.4,24
64,Buddie,Tomankowski,btomankowski1r@bloglovin.com,Male,5.2,69
65,Trace,Ivens,tivens1s@comcast.net,Male,6.2,64
66,Jarvis,Gaffney,jgaffney1t@wordpress.com,Male,3.5,98
67,Nicholas,Saxby,nsaxby1u@epa.gov,Male,9.1,47
68,Cordy,Leacock,cleacock1v@bloomberg.com,Agender,6.1,29
69,Myra,Harber,mharber1w@state.tx.us,Non-binary,7.2,76
70,Margaret,Brant,mbrant1x@sphinn.com,Female,7.5,58
71,Garvin,Lindro,glindro1y@ted.com,Male,1.3,95
72,Gerardo,Bruce,gbruce1z@wp.com,Male,10.0,54
73,Courtnay,Aldins,caldins20@ehow.com,Male,3.7,30
74,Steven,Farrar,sfarrar21@eepurl.com,Male,1.3,2
75,Palm,Buckberry,pbuckberry22@google.ca,Male,9.3,22
76,Emilio,Pay,epay23@sciencedaily.com,Male,1.8,79
77,Eustacia,Scatcher,escatcher24@domainmarket.com,Female,4.4,16
78,Donovan,Pikhno,dpikhno25@ning.com,Male,2.5,36
79,Augie,Kivell,akivell26@nytimes.com,Male,3.7,73
80,Tybalt,Selway,tselway27@msu.edu,Male,4.1,88
81,Erin,Rackham,erackham28@auda.org.au,Female,4.9,27
82,Gilda,Bowerman,gbowerman29@hao123.com,Female,6.6,69
83,Matthew,Tiffany,mtiffany2a@pinterest.com,Male,3.8,86
84,Jerrie,Egdale,jegdale2b@latimes.com,Female,2.1,2
85,Caldwell,Elsdon,celsdon2c@prlog.org,Male,9.1,62
86,Nichols,Stoggell,nstoggell2d@google.pl,Male,5.4,16
87,Garrik,Tapson,gtapson2e@sbwire.com,Male,8.7,67
88,Kingsley,Stollberg,kstollberg2f@google.co.uk,Male,7.0,91
89,Farlie,Eby,feby2g@skype.com,Male,3.4,36
90,Sig,Joris,sjoris2h@creativecommons.org,Male,8.7,8
91,Gery,Loudwell,gloudwell2i@cornell.edu,Polygender,3.4,89
92,Shae,Molden,smolden2j@cafepress.com,Genderqueer,7.6,66
93,Gibby,Jerdon,gjerdon2k@noaa.gov,Bigender,7.7,15
94,Xylia,Stanyland,xstanyland2l@sbwire.com,Genderfluid,6.6,88
95,Giustino,Blick,gblick2m@netlog.com,Male,8.0,3
96,Darcee,Champkins,dchampkins2n@sohu.com,Female,9.3,32
97,Jory,Kobes,jkobes2o@sbwire.com,Male,4.2,11
98,Wilmer,Mousby,wmousby2p@nyu.edu,Male,2.2,83
99,Winne,Taberner,wtaberner2q@technorati.com,Female,5.2,60
100,Tatum,Scrivens,tscrivens2r@blogtalkradio.com,Female,3.9,84
